[{"model": "auth.permission", "pk": 1, "fields": {"name": "Can add log entry", "content_type": 1, "codename": "add_logentry"}}, {"model": "auth.permission", "pk": 2, "fields": {"name": "Can change log entry", "content_type": 1, "codename": "change_logentry"}}, {"model": "auth.permission", "pk": 3, "fields": {"name": "Can delete log entry", "content_type": 1, "codename": "delete_logentry"}}, {"model": "auth.permission", "pk": 4, "fields": {"name": "Can view log entry", "content_type": 1, "codename": "view_logentry"}}, {"model": "auth.permission", "pk": 5, "fields": {"name": "Can add permission", "content_type": 2, "codename": "add_permission"}}, {"model": "auth.permission", "pk": 6, "fields": {"name": "Can change permission", "content_type": 2, "codename": "change_permission"}}, {"model": "auth.permission", "pk": 7, "fields": {"name": "Can delete permission", "content_type": 2, "codename": "delete_permission"}}, {"model": "auth.permission", "pk": 8, "fields": {"name": "Can view permission", "content_type": 2, "codename": "view_permission"}}, {"model": "auth.permission", "pk": 9, "fields": {"name": "Can add group", "content_type": 3, "codename": "add_group"}}, {"model": "auth.permission", "pk": 10, "fields": {"name": "Can change group", "content_type": 3, "codename": "change_group"}}, {"model": "auth.permission", "pk": 11, "fields": {"name": "Can delete group", "content_type": 3, "codename": "delete_group"}}, {"model": "auth.permission", "pk": 12, "fields": {"name": "Can view group", "content_type": 3, "codename": "view_group"}}, {"model": "auth.permission", "pk": 13, "fields": {"name": "Can add user", "content_type": 4, "codename": "add_user"}}, {"model": "auth.permission", "pk": 14, "fields": {"name": "Can change user", "content_type": 4, "codename": "change_user"}}, {"model": "auth.permission", "pk": 15, "fields": {"name": "Can delete user", "content_type": 4, "codename": "delete_user"}}, {"model": "auth.permission", "pk": 16, "fields": {"name": "Can view user", "content_type": 4, "codename": "view_user"}}, {"model": "auth.permission", "pk": 17, "fields": {"name": "Can add content type", "content_type": 5, "codename": "add_contenttype"}}, {"model": "auth.permission", "pk": 18, "fields": {"name": "Can change content type", "content_type": 5, "codename": "change_contenttype"}}, {"model": "auth.permission", "pk": 19, "fields": {"name": "Can delete content type", "content_type": 5, "codename": "delete_contenttype"}}, {"model": "auth.permission", "pk": 20, "fields": {"name": "Can view content type", "content_type": 5, "codename": "view_contenttype"}}, {"model": "auth.permission", "pk": 21, "fields": {"name": "Can add session", "content_type": 6, "codename": "add_session"}}, {"model": "auth.permission", "pk": 22, "fields": {"name": "Can change session", "content_type": 6, "codename": "change_session"}}, {"model": "auth.permission", "pk": 23, "fields": {"name": "Can delete session", "content_type": 6, "codename": "delete_session"}}, {"model": "auth.permission", "pk": 24, "fields": {"name": "Can view session", "content_type": 6, "codename": "view_session"}}, {"model": "auth.permission", "pk": 25, "fields": {"name": "Can add Categoria", "content_type": 7, "codename": "add_categoria"}}, {"model": "auth.permission", "pk": 26, "fields": {"name": "Can change Categoria", "content_type": 7, "codename": "change_categoria"}}, {"model": "auth.permission", "pk": 27, "fields": {"name": "Can delete Categoria", "content_type": 7, "codename": "delete_categoria"}}, {"model": "auth.permission", "pk": 28, "fields": {"name": "Can view Categoria", "content_type": 7, "codename": "view_categoria"}}, {"model": "auth.permission", "pk": 29, "fields": {"name": "Can add Denuncia", "content_type": 8, "codename": "add_denuncia"}}, {"model": "auth.permission", "pk": 30, "fields": {"name": "Can change Denuncia", "content_type": 8, "codename": "change_denuncia"}}, {"model": "auth.permission", "pk": 31, "fields": {"name": "Can delete Denuncia", "content_type": 8, "codename": "delete_denuncia"}}, {"model": "auth.permission", "pk": 32, "fields": {"name": "Can view Denuncia", "content_type": 8, "codename": "view_denuncia"}}, {"model": "auth.permission", "pk": 33, "fields": {"name": "Can add Estado de la denuncia", "content_type": 9, "codename": "add_denunciaestado"}}, {"model": "auth.permission", "pk": 34, "fields": {"name": "Can change Estado de la denuncia", "content_type": 9, "codename": "change_denunciaestado"}}, {"model": "auth.permission", "pk": 35, "fields": {"name": "Can delete Estado de la denuncia", "content_type": 9, "codename": "delete_denunciaestado"}}, {"model": "auth.permission", "pk": 36, "fields": {"name": "Can view Estado de la denuncia", "content_type": 9, "codename": "view_denunciaestado"}}, {"model": "auth.permission", "pk": 37, "fields": {"name": "Can add Relacion_empresa", "content_type": 10, "codename": "add_relacionempresa"}}, {"model": "auth.permission", "pk": 38, "fields": {"name": "Can change Relacion_empresa", "content_type": 10, "codename": "change_relacionempresa"}}, {"model": "auth.permission", "pk": 39, "fields": {"name": "Can delete Relacion_empresa", "content_type": 10, "codename": "delete_relacionempresa"}}, {"model": "auth.permission", "pk": 40, "fields": {"name": "Can view Relacion_empresa", "content_type": 10, "codename": "view_relacionempresa"}}, {"model": "auth.permission", "pk": 41, "fields": {"name": "Can add Tiempo", "content_type": 11, "codename": "add_tiempo"}}, {"model": "auth.permission", "pk": 42, "fields": {"name": "Can change Tiempo", "content_type": 11, "codename": "change_tiempo"}}, {"model": "auth.permission", "pk": 43, "fields": {"name": "Can delete Tiempo", "content_type": 11, "codename": "delete_tiempo"}}, {"model": "auth.permission", "pk": 44, "fields": {"name": "Can view Tiempo", "content_type": 11, "codename": "view_tiempo"}}, {"model": "auth.permission", "pk": 45, "fields": {"name": "Can add Usuario", "content_type": 12, "codename": "add_usuario"}}, {"model": "auth.permission", "pk": 46, "fields": {"name": "Can change Usuario", "content_type": 12, "codename": "change_usuario"}}, {"model": "auth.permission", "pk": 47, "fields": {"name": "Can delete Usuario", "content_type": 12, "codename": "delete_usuario"}}, {"model": "auth.permission", "pk": 48, "fields": {"name": "Can view Usuario", "content_type": 12, "codename": "view_usuario"}}, {"model": "auth.permission", "pk": 49, "fields": {"name": "Can add archivo", "content_type": 13, "codename": "add_archivo"}}, {"model": "auth.permission", "pk": 50, "fields": {"name": "Can change archivo", "content_type": 13, "codename": "change_archivo"}}, {"model": "auth.permission", "pk": 51, "fields": {"name": "Can delete archivo", "content_type": 13, "codename": "delete_archivo"}}, {"model": "auth.permission", "pk": 52, "fields": {"name": "Can view archivo", "content_type": 13, "codename": "view_archivo"}}, {"model": "auth.permission", "pk": 53, "fields": {"name": "Can add Estado de denuncia", "content_type": 14, "codename": "add_estadosdenuncia"}}, {"model": "auth.permission", "pk": 54, "fields": {"name": "Can change Estado de denuncia", "content_type": 14, "codename": "change_estadosdenuncia"}}, {"model": "auth.permission", "pk": 55, "fields": {"name": "Can delete Estado de denuncia", "content_type": 14, "codename": "delete_estadosdenuncia"}}, {"model": "auth.permission", "pk": 56, "fields": {"name": "Can view Estado de denuncia", "content_type": 14, "codename": "view_estadosdenuncia"}}, {"model": "auth.permission", "pk": 57, "fields": {"name": "Can add Item", "content_type": 15, "codename": "add_item"}}, {"model": "auth.permission", "pk": 58, "fields": {"name": "Can change Item", "content_type": 15, "codename": "change_item"}}, {"model": "auth.permission", "pk": 59, "fields": {"name": "Can delete Item", "content_type": 15, "codename": "delete_item"}}, {"model": "auth.permission", "pk": 60, "fields": {"name": "Can view Item", "content_type": 15, "codename": "view_item"}}, {"model": "contenttypes.contenttype", "pk": 1, "fields": {"app_label": "admin", "model": "logentry"}}, {"model": "contenttypes.contenttype", "pk": 2, "fields": {"app_label": "auth", "model": "permission"}}, {"model": "contenttypes.contenttype", "pk": 3, "fields": {"app_label": "auth", "model": "group"}}, {"model": "contenttypes.contenttype", "pk": 4, "fields": {"app_label": "auth", "model": "user"}}, {"model": "contenttypes.contenttype", "pk": 5, "fields": {"app_label": "contenttypes", "model": "contenttype"}}, {"model": "contenttypes.contenttype", "pk": 6, "fields": {"app_label": "sessions", "model": "session"}}, {"model": "contenttypes.contenttype", "pk": 7, "fields": {"app_label": "appkarin", "model": "categoria"}}, {"model": "contenttypes.contenttype", "pk": 8, "fields": {"app_label": "appkarin", "model": "denuncia"}}, {"model": "contenttypes.contenttype", "pk": 9, "fields": {"app_label": "appkarin", "model": "denunciaestado"}}, {"model": "contenttypes.contenttype", "pk": 10, "fields": {"app_label": "appkarin", "model": "relacionempresa"}}, {"model": "contenttypes.contenttype", "pk": 11, "fields": {"app_label": "appkarin", "model": "tiempo"}}, {"model": "contenttypes.contenttype", "pk": 12, "fields": {"app_label": "appkarin", "model": "usuario"}}, {"model": "contenttypes.contenttype", "pk": 13, "fields": {"app_label": "appkarin", "model": "archivo"}}, {"model": "contenttypes.contenttype", "pk": 14, "fields": {"app_label": "appkarin", "model": "estadosdenuncia"}}, {"model": "contenttypes.contenttype", "pk": 15, "fields": {"app_label": "appkarin", "model": "item"}}, {"model": "sessions.session", "pk": "5ijpls8ittw6owrifspkyzvyxt7nlb2t", "fields": {"session_data": ".eJydjDsKgDAQRO8ytZVYpfMkYckuuBCTkI-C4t39NFo75ZuZt0OrzFYZBj06rLptlNkyVYLZwRJacEo2iyenMTzToXuLqjKn-OD-g1mKy5ruy6UefwYfI2U36RILTGjeH8cJBwM9RA:1uMD5d:z8fGqkX-tSO9Shg-J9Jq2-vDsBsvn8BNXBz1qmQ3S6o", "expire_date": "2025-06-02T22:23:05.742Z"}}, {"model": "appkarin.tiempo", "pk": 1, "fields": {"intervalo": "Menos de una semana"}}, {"model": "appkarin.tiempo", "pk": 2, "fields": {"intervalo": "Más de una semana y menos de un mes"}}, {"model": "appkarin.tiempo", "pk": 3, "fields": {"intervalo": "Más de un mes y menos de seis meses"}}, {"model": "appkarin.tiempo", "pk": 4, "fields": {"intervalo": "Más de seis meses"}}, {"model": "appkarin.tiempo", "pk": 5, "fields": {"intervalo": "No sabe"}}, {"model": "appkarin.categoria", "pk": 1, "fields": {"nombre": "Respeto y seguridad en el trabajo"}}, {"model": "appkarin.categoria", "pk": 2, "fields": {"nombre": "Integridad de los negocios"}}, {"model": "appkarin.categoria", "pk": 3, "fields": {"nombre": "Sostenibilidad, medioambiente"}}, {"model": "appkarin.item", "pk": 1, "fields": {"enunciado": "Acoso laboral", "categoria": 1}}, {"model": "appkarin.item", "pk": 2, "fields": {"enunciado": "Acoso sexual", "categoria": 1}}, {"model": "appkarin.item", "pk": 3, "fields": {"enunciado": "Comportamiento inadecuado", "categoria": 1}}, {"model": "appkarin.item", "pk": 4, "fields": {"enunciado": "Discriminación", "categoria": 1}}, {"model": "appkarin.item", "pk": 5, "fields": {"enunciado": "Represalias", "categoria": 1}}, {"model": "appkarin.item", "pk": 6, "fields": {"enunciado": "Salud y seguridad", "categoria": 1}}, {"model": "appkarin.item", "pk": 7, "fields": {"enunciado": "Violencia en el lugar de trabajo", "categoria": 1}}, {"model": "appkarin.item", "pk": 8, "fields": {"enunciado": "Apropiación o uso indebido de los recursos de la compañía", "categoria": 2}}, {"model": "appkarin.item", "pk": 9, "fields": {"enunciado": "Conflicto de intereses", "categoria": 2}}, {"model": "appkarin.item", "pk": 10, "fields": {"enunciado": "Fraude contable o tributario", "categoria": 2}}, {"model": "appkarin.item", "pk": 11, "fields": {"enunciado": "Lavado de activos", "categoria": 2}}, {"model": "appkarin.item", "pk": 12, "fields": {"enunciado": "Libre competencia", "categoria": 2}}, {"model": "appkarin.item", "pk": 13, "fields": {"enunciado": "Privacidad y protección de datos personales", "categoria": 2}}, {"model": "appkarin.item", "pk": 14, "fields": {"enunciado": "Receptación", "categoria": 2}}, {"model": "appkarin.item", "pk": 15, "fields": {"enunciado": "Soborno y corrupción", "categoria": 2}}, {"model": "appkarin.item", "pk": 16, "fields": {"enunciado": "Uso indebido de propiedad intelectual o industrial", "categoria": 2}}, {"model": "appkarin.item", "pk": 17, "fields": {"enunciado": "Uso de información privilegiada", "categoria": 2}}, {"model": "appkarin.item", "pk": 18, "fields": {"enunciado": "Medio ambiente", "categoria": 3}}, {"model": "appkarin.item", "pk": 19, "fields": {"enunciado": "Trabajo infantil o forzoso", "categoria": 3}}, {"model": "appkarin.item", "pk": 20, "fields": {"enunciado": "Vecinos y comunidades", "categoria": 3}}, {"model": "appkarin.relacionempresa", "pk": 1, "fields": {"rol": "Cliente"}}, {"model": "appkarin.relacionempresa", "pk": 2, "fields": {"rol": "Colaborador"}}, {"model": "appkarin.relacionempresa", "pk": 3, "fields": {"rol": "Proveedor/contratista"}}, {"model": "appkarin.relacionempresa", "pk": 4, "fields": {"rol": "Vecino"}}, {"model": "appkarin.relacionempresa", "pk": 5, "fields": {"rol": "Otro"}}, {"model": "appkarin.usuario", "pk": "2UWO2", "fields": {"anonimo": true, "rut": null, "nombre": null, "apellidos": null, "correo": null, "celular": null, "fecha_creacion": "2025-06-02T21:32:05.824Z", "ultima_actividad": "2025-06-02T21:32:05.824Z"}}, {"model": "appkarin.usuario", "pk": "48WXU", "fields": {"anonimo": true, "rut": null, "nombre": null, "apellidos": null, "correo": null, "celular": null, "fecha_creacion": "2025-06-02T21:28:42.641Z", "ultima_actividad": "2025-06-02T21:28:42.641Z"}}, {"model": "appkarin.usuario", "pk": "5OJXO", "fields": {"anonimo": true, "rut": null, "nombre": null, "apellidos": null, "correo": null, "celular": null, "fecha_creacion": "2025-06-02T21:16:29.759Z", "ultima_actividad": "2025-06-02T21:16:29.759Z"}}, {"model": "appkarin.usuario", "pk": "6TP22", "fields": {"anonimo": true, "rut": null, "nombre": null, "apellidos": null, "correo": null, "celular": null, "fecha_creacion": "2025-06-02T21:12:24.616Z", "ultima_actividad": "2025-06-02T21:12:24.616Z"}}, {"model": "appkarin.usuario", "pk": "86QMP", "fields": {"anonimo": true, "rut": null, "nombre": null, "apellidos": null, "correo": null, "celular": null, "fecha_creacion": "2025-06-02T21:17:13.934Z", "ultima_actividad": "2025-06-02T21:17:13.934Z"}}, {"model": "appkarin.usuario", "pk": "9DGGQ", "fields": {"anonimo": true, "rut": null, "nombre": null, "apellidos": null, "correo": null, "celular": null, "fecha_creacion": "2025-06-02T21:42:01.737Z", "ultima_actividad": "2025-06-02T21:42:01.737Z"}}, {"model": "appkarin.usuario", "pk": "A7HY9", "fields": {"anonimo": true, "rut": null, "nombre": null, "apellidos": null, "correo": null, "celular": null, "fecha_creacion": "2025-06-02T21:23:35.209Z", "ultima_actividad": "2025-06-02T21:23:35.209Z"}}, {"model": "appkarin.usuario", "pk": "B087V", "fields": {"anonimo": true, "rut": null, "nombre": null, "apellidos": null, "correo": null, "celular": null, "fecha_creacion": "2025-06-03T13:01:37.459Z", "ultima_actividad": "2025-06-03T13:01:37.459Z"}}, {"model": "appkarin.usuario", "pk": "B1TVK", "fields": {"anonimo": true, "rut": null, "nombre": null, "apellidos": null, "correo": null, "celular": null, "fecha_creacion": "2025-06-02T21:31:16.061Z", "ultima_actividad": "2025-06-02T21:31:16.061Z"}}, {"model": "appkarin.usuario", "pk": "D1X5C", "fields": {"anonimo": true, "rut": null, "nombre": null, "apellidos": null, "correo": null, "celular": null, "fecha_creacion": "2025-06-02T21:23:24.117Z", "ultima_actividad": "2025-06-02T21:23:24.117Z"}}, {"model": "appkarin.usuario", "pk": "FD5DA", "fields": {"anonimo": true, "rut": null, "nombre": null, "apellidos": null, "correo": null, "celular": null, "fecha_creacion": "2025-06-02T21:16:44.033Z", "ultima_actividad": "2025-06-02T21:16:44.033Z"}}, {"model": "appkarin.usuario", "pk": "HDO90", "fields": {"anonimo": true, "rut": null, "nombre": null, "apellidos": null, "correo": null, "celular": null, "fecha_creacion": "2025-06-02T21:28:11.649Z", "ultima_actividad": "2025-06-02T21:28:11.649Z"}}, {"model": "appkarin.usuario", "pk": "HWXCP", "fields": {"anonimo": true, "rut": null, "nombre": null, "apellidos": null, "correo": null, "celular": null, "fecha_creacion": "2025-06-02T21:32:48.435Z", "ultima_actividad": "2025-06-02T21:32:48.435Z"}}, {"model": "appkarin.usuario", "pk": "JRXFW", "fields": {"anonimo": false, "rut": "20.258.192-7", "nombre": "Esteban", "apellidos": "Risopatrón", "correo": "estebanriso2000@gmail.com", "celular": "+56933333333", "fecha_creacion": "2025-06-03T14:52:45.437Z", "ultima_actividad": "2025-06-03T14:52:45.437Z"}}, {"model": "appkarin.usuario", "pk": "JWJ8X", "fields": {"anonimo": true, "rut": null, "nombre": null, "apellidos": null, "correo": null, "celular": null, "fecha_creacion": "2025-06-02T21:28:25.150Z", "ultima_actividad": "2025-06-02T21:28:25.150Z"}}, {"model": "appkarin.usuario", "pk": "MBWNM", "fields": {"anonimo": true, "rut": null, "nombre": null, "apellidos": null, "correo": null, "celular": null, "fecha_creacion": "2025-06-02T21:30:48.951Z", "ultima_actividad": "2025-06-02T21:30:48.951Z"}}, {"model": "appkarin.usuario", "pk": "MLV51", "fields": {"anonimo": true, "rut": null, "nombre": null, "apellidos": null, "correo": null, "celular": null, "fecha_creacion": "2025-06-02T21:31:34.386Z", "ultima_actividad": "2025-06-02T21:31:34.386Z"}}, {"model": "appkarin.usuario", "pk": "ONVP3", "fields": {"anonimo": true, "rut": null, "nombre": null, "apellidos": null, "correo": null, "celular": null, "fecha_creacion": "2025-06-02T21:31:09.006Z", "ultima_actividad": "2025-06-02T21:31:09.006Z"}}, {"model": "appkarin.usuario", "pk": "PGRXX", "fields": {"anonimo": true, "rut": null, "nombre": null, "apellidos": null, "correo": null, "celular": null, "fecha_creacion": "2025-06-03T14:12:10.432Z", "ultima_actividad": "2025-06-03T14:12:10.432Z"}}, {"model": "appkarin.usuario", "pk": "U7TY5", "fields": {"anonimo": true, "rut": null, "nombre": null, "apellidos": null, "correo": null, "celular": null, "fecha_creacion": "2025-06-02T21:17:21.220Z", "ultima_actividad": "2025-06-02T21:17:21.220Z"}}, {"model": "appkarin.usuario", "pk": "UUBIZ", "fields": {"anonimo": true, "rut": null, "nombre": null, "apellidos": null, "correo": null, "celular": null, "fecha_creacion": "2025-06-02T21:12:14.458Z", "ultima_actividad": "2025-06-02T21:12:14.458Z"}}, {"model": "appkarin.usuario", "pk": "VHOUN", "fields": {"anonimo": true, "rut": null, "nombre": null, "apellidos": null, "correo": null, "celular": null, "fecha_creacion": "2025-06-02T21:24:15.414Z", "ultima_actividad": "2025-06-02T21:24:15.414Z"}}, {"model": "appkarin.usuario", "pk": "WV9TW", "fields": {"anonimo": true, "rut": null, "nombre": null, "apellidos": null, "correo": null, "celular": null, "fecha_creacion": "2025-06-02T21:17:48.824Z", "ultima_actividad": "2025-06-02T21:17:48.824Z"}}, {"model": "appkarin.usuario", "pk": "YLHWZ", "fields": {"anonimo": true, "rut": null, "nombre": null, "apellidos": null, "correo": null, "celular": null, "fecha_creacion": "2025-06-02T21:53:05.668Z", "ultima_actividad": "2025-06-02T21:53:05.668Z"}}, {"model": "appkarin.denuncia", "pk": "DN-2R4XLNTL", "fields": {"usuario": "JRXFW", "item": 11, "relacion_empresa": 3, "tiempo": 3, "descripcion": "dddddddddddddddddddddddddddddddddddddddddddddddddd", "fecha": "2025-06-03T14:52:45.446Z", "fecha_actualizacion": "2025-06-03T14:52:45.446Z", "estado_actual": "PENDIENTE"}}, {"model": "appkarin.denuncia", "pk": "DN-LEJ5SKA1", "fields": {"usuario": "B087V", "item": 5, "relacion_empresa": 3, "tiempo": 2, "descripcion": "aaaaaaaaaaaaaaaaaaaaaaaaaaaaaaaaaaaaaaaaaaaaaaaaaaaaaaaaa", "fecha": "2025-06-03T13:01:37.477Z", "fecha_actualizacion": "2025-06-03T13:01:37.477Z", "estado_actual": "PENDIENTE"}}, {"model": "appkarin.denuncia", "pk": "DN-M2GN6CLC", "fields": {"usuario": "9DGGQ", "item": 2, "relacion_empresa": 4, "tiempo": 2, "descripcion": "AAAAAAAAAAAAAAAAAAAAAAAAAAAAAAAAAAAAAAAAAAAAAAAAAAAAAAAA", "fecha": "2025-06-02T21:42:01.746Z", "fecha_actualizacion": "2025-06-02T21:42:01.746Z", "estado_actual": "PENDIENTE"}}, {"model": "appkarin.denuncia", "pk": "DN-MKQ2AZ29", "fields": {"usuario": "YLHWZ", "item": 2, "relacion_empresa": 4, "tiempo": 2, "descripcion": "AAAAAAAAAAAAAAAAAAAAAAAAAAAAAAAAAAAAAAAAAAAAAAAAAAAAAAAA", "fecha": "2025-06-02T21:53:05.677Z", "fecha_actualizacion": "2025-06-02T21:53:05.677Z", "estado_actual": "PENDIENTE"}}, {"model": "appkarin.denuncia", "pk": "DN-MYP8M6FP", "fields": {"usuario": "PGRXX", "item": 7, "relacion_empresa": 3, "tiempo": 1, "descripcion": "aaaaaaaaaaaaaaaaaaaaaaaaaaaaaaaaaaaaaaaaaaaaaaaaaaaaaaa", "fecha": "2025-06-03T14:12:10.443Z", "fecha_actualizacion": "2025-06-03T14:12:10.443Z", "estado_actual": "PENDIENTE"}}, {"model": "appkarin.denunciaestado", "pk": 1, "fields": {"estado": "Pendiente"}}, {"model": "appkarin.denunciaestado", "pk": 2, "fields": {"estado": "En Revisión"}}, {"model": "appkarin.denunciaestado", "pk": 3, "fields": {"estado": "Resuelto"}}]