[{"model": "admin.logentry", "pk": 1, "fields": {"action_time": "2025-06-16T13:10:22.881Z", "user": 1, "content_type": 13, "object_id": "1", "object_repr": "Administrador", "action_flag": 2, "change_message": "[{\"changed\": {\"fields\": [\"Rol categoria\"]}}]"}}, {"model": "admin.logentry", "pk": 2, "fields": {"action_time": "2025-06-16T13:10:52.405Z", "user": 1, "content_type": 13, "object_id": "2", "object_repr": "Sofia", "action_flag": 1, "change_message": "[{\"added\": {}}]"}}, {"model": "admin.logentry", "pk": 3, "fields": {"action_time": "2025-06-16T13:11:20.368Z", "user": 1, "content_type": 13, "object_id": "3", "object_repr": "Lucas", "action_flag": 1, "change_message": "[{\"added\": {}}]"}}, {"model": "admin.logentry", "pk": 4, "fields": {"action_time": "2025-06-16T13:11:36.365Z", "user": 1, "content_type": 13, "object_id": "3", "object_repr": "Lucas", "action_flag": 2, "change_message": "[{\"changed\": {\"fields\": [\"Rol categoria\"]}}]"}}, {"model": "admin.logentry", "pk": 5, "fields": {"action_time": "2025-06-16T13:12:10.763Z", "user": 1, "content_type": 13, "object_id": "2", "object_repr": "Sofia", "action_flag": 2, "change_message": "[{\"changed\": {\"fields\": [\"Staff status\", \"Superuser status\"]}}]"}}, {"model": "admin.logentry", "pk": 6, "fields": {"action_time": "2025-06-16T13:12:18.222Z", "user": 1, "content_type": 13, "object_id": "3", "object_repr": "Lucas", "action_flag": 2, "change_message": "[{\"changed\": {\"fields\": [\"Staff status\", \"Superuser status\"]}}]"}}, {"model": "admin.logentry", "pk": 7, "fields": {"action_time": "2025-06-16T13:12:33.080Z", "user": 1, "content_type": 13, "object_id": "2", "object_repr": "Sofia", "action_flag": 2, "change_message": "[]"}}, {"model": "auth.permission", "pk": 1, "fields": {"name": "Can add log entry", "content_type": 1, "codename": "add_logentry"}}, {"model": "auth.permission", "pk": 2, "fields": {"name": "Can change log entry", "content_type": 1, "codename": "change_logentry"}}, {"model": "auth.permission", "pk": 3, "fields": {"name": "Can delete log entry", "content_type": 1, "codename": "delete_logentry"}}, {"model": "auth.permission", "pk": 4, "fields": {"name": "Can view log entry", "content_type": 1, "codename": "view_logentry"}}, {"model": "auth.permission", "pk": 5, "fields": {"name": "Can add permission", "content_type": 2, "codename": "add_permission"}}, {"model": "auth.permission", "pk": 6, "fields": {"name": "Can change permission", "content_type": 2, "codename": "change_permission"}}, {"model": "auth.permission", "pk": 7, "fields": {"name": "Can delete permission", "content_type": 2, "codename": "delete_permission"}}, {"model": "auth.permission", "pk": 8, "fields": {"name": "Can view permission", "content_type": 2, "codename": "view_permission"}}, {"model": "auth.permission", "pk": 9, "fields": {"name": "Can add group", "content_type": 3, "codename": "add_group"}}, {"model": "auth.permission", "pk": 10, "fields": {"name": "Can change group", "content_type": 3, "codename": "change_group"}}, {"model": "auth.permission", "pk": 11, "fields": {"name": "Can delete group", "content_type": 3, "codename": "delete_group"}}, {"model": "auth.permission", "pk": 12, "fields": {"name": "Can view group", "content_type": 3, "codename": "view_group"}}, {"model": "auth.permission", "pk": 13, "fields": {"name": "Can add content type", "content_type": 4, "codename": "add_contenttype"}}, {"model": "auth.permission", "pk": 14, "fields": {"name": "Can change content type", "content_type": 4, "codename": "change_contenttype"}}, {"model": "auth.permission", "pk": 15, "fields": {"name": "Can delete content type", "content_type": 4, "codename": "delete_contenttype"}}, {"model": "auth.permission", "pk": 16, "fields": {"name": "Can view content type", "content_type": 4, "codename": "view_contenttype"}}, {"model": "auth.permission", "pk": 17, "fields": {"name": "Can add session", "content_type": 5, "codename": "add_session"}}, {"model": "auth.permission", "pk": 18, "fields": {"name": "Can change session", "content_type": 5, "codename": "change_session"}}, {"model": "auth.permission", "pk": 19, "fields": {"name": "Can delete session", "content_type": 5, "codename": "delete_session"}}, {"model": "auth.permission", "pk": 20, "fields": {"name": "Can view session", "content_type": 5, "codename": "view_session"}}, {"model": "auth.permission", "pk": 21, "fields": {"name": "Can add Categoria", "content_type": 6, "codename": "add_categoria"}}, {"model": "auth.permission", "pk": 22, "fields": {"name": "Can change Categoria", "content_type": 6, "codename": "change_categoria"}}, {"model": "auth.permission", "pk": 23, "fields": {"name": "Can delete Categoria", "content_type": 6, "codename": "delete_categoria"}}, {"model": "auth.permission", "pk": 24, "fields": {"name": "Can view Categoria", "content_type": 6, "codename": "view_categoria"}}, {"model": "auth.permission", "pk": 25, "fields": {"name": "Can add Denuncia", "content_type": 7, "codename": "add_denuncia"}}, {"model": "auth.permission", "pk": 26, "fields": {"name": "Can change Denuncia", "content_type": 7, "codename": "change_denuncia"}}, {"model": "auth.permission", "pk": 27, "fields": {"name": "Can delete Denuncia", "content_type": 7, "codename": "delete_denuncia"}}, {"model": "auth.permission", "pk": 28, "fields": {"name": "Can view Denuncia", "content_type": 7, "codename": "view_denuncia"}}, {"model": "auth.permission", "pk": 29, "fields": {"name": "Can add Estado de la denuncia", "content_type": 8, "codename": "add_denunciaestado"}}, {"model": "auth.permission", "pk": 30, "fields": {"name": "Can change Estado de la denuncia", "content_type": 8, "codename": "change_denunciaestado"}}, {"model": "auth.permission", "pk": 31, "fields": {"name": "Can delete Estado de la denuncia", "content_type": 8, "codename": "delete_denunciaestado"}}, {"model": "auth.permission", "pk": 32, "fields": {"name": "Can view Estado de la denuncia", "content_type": 8, "codename": "view_denunciaestado"}}, {"model": "auth.permission", "pk": 33, "fields": {"name": "Can add Empresa", "content_type": 9, "codename": "add_empresa"}}, {"model": "auth.permission", "pk": 34, "fields": {"name": "Can change Empresa", "content_type": 9, "codename": "change_empresa"}}, {"model": "auth.permission", "pk": 35, "fields": {"name": "Can delete Empresa", "content_type": 9, "codename": "delete_empresa"}}, {"model": "auth.permission", "pk": 36, "fields": {"name": "Can view Empresa", "content_type": 9, "codename": "view_empresa"}}, {"model": "auth.permission", "pk": 37, "fields": {"name": "Can add Relacion_empresa", "content_type": 10, "codename": "add_relacionempresa"}}, {"model": "auth.permission", "pk": 38, "fields": {"name": "Can change Relacion_empresa", "content_type": 10, "codename": "change_relacionempresa"}}, {"model": "auth.permission", "pk": 39, "fields": {"name": "Can delete Relacion_empresa", "content_type": 10, "codename": "delete_relacionempresa"}}, {"model": "auth.permission", "pk": 40, "fields": {"name": "Can view Relacion_empresa", "content_type": 10, "codename": "view_relacionempresa"}}, {"model": "auth.permission", "pk": 41, "fields": {"name": "Can add Tiempo", "content_type": 11, "codename": "add_tiempo"}}, {"model": "auth.permission", "pk": 42, "fields": {"name": "Can change Tiempo", "content_type": 11, "codename": "change_tiempo"}}, {"model": "auth.permission", "pk": 43, "fields": {"name": "Can delete Tiempo", "content_type": 11, "codename": "delete_tiempo"}}, {"model": "auth.permission", "pk": 44, "fields": {"name": "Can view Tiempo", "content_type": 11, "codename": "view_tiempo"}}, {"model": "auth.permission", "pk": 45, "fields": {"name": "Can add Usuario", "content_type": 12, "codename": "add_usuario"}}, {"model": "auth.permission", "pk": 46, "fields": {"name": "Can change Usuario", "content_type": 12, "codename": "change_usuario"}}, {"model": "auth.permission", "pk": 47, "fields": {"name": "Can delete Usuario", "content_type": 12, "codename": "delete_usuario"}}, {"model": "auth.permission", "pk": 48, "fields": {"name": "Can view Usuario", "content_type": 12, "codename": "view_usuario"}}, {"model": "auth.permission", "pk": 49, "fields": {"name": "Can add Administrador de Denuncias", "content_type": 13, "codename": "add_admindenuncias"}}, {"model": "auth.permission", "pk": 50, "fields": {"name": "Can change Administrador de Denuncias", "content_type": 13, "codename": "change_admindenuncias"}}, {"model": "auth.permission", "pk": 51, "fields": {"name": "Can delete Administrador de Denuncias", "content_type": 13, "codename": "delete_admindenuncias"}}, {"model": "auth.permission", "pk": 52, "fields": {"name": "Can view Administrador de Denuncias", "content_type": 13, "codename": "view_admindenuncias"}}, {"model": "auth.permission", "pk": 53, "fields": {"name": "Can add Archivo", "content_type": 14, "codename": "add_archivo"}}, {"model": "auth.permission", "pk": 54, "fields": {"name": "Can change Archivo", "content_type": 14, "codename": "change_archivo"}}, {"model": "auth.permission", "pk": 55, "fields": {"name": "Can delete Archivo", "content_type": 14, "codename": "delete_archivo"}}, {"model": "auth.permission", "pk": 56, "fields": {"name": "Can view Archivo", "content_type": 14, "codename": "view_archivo"}}, {"model": "auth.permission", "pk": 57, "fields": {"name": "Can add Estado de denuncia", "content_type": 15, "codename": "add_estadosdenuncia"}}, {"model": "auth.permission", "pk": 58, "fields": {"name": "Can change Estado de denuncia", "content_type": 15, "codename": "change_estadosdenuncia"}}, {"model": "auth.permission", "pk": 59, "fields": {"name": "Can delete Estado de denuncia", "content_type": 15, "codename": "delete_estadosdenuncia"}}, {"model": "auth.permission", "pk": 60, "fields": {"name": "Can view Estado de denuncia", "content_type": 15, "codename": "view_estadosdenuncia"}}, {"model": "auth.permission", "pk": 61, "fields": {"name": "Can add Foro", "content_type": 16, "codename": "add_foro"}}, {"model": "auth.permission", "pk": 62, "fields": {"name": "Can change Foro", "content_type": 16, "codename": "change_foro"}}, {"model": "auth.permission", "pk": 63, "fields": {"name": "Can delete Foro", "content_type": 16, "codename": "delete_foro"}}, {"model": "auth.permission", "pk": 64, "fields": {"name": "Can view Foro", "content_type": 16, "codename": "view_foro"}}, {"model": "auth.permission", "pk": 65, "fields": {"name": "Can add Item", "content_type": 17, "codename": "add_item"}}, {"model": "auth.permission", "pk": 66, "fields": {"name": "Can change Item", "content_type": 17, "codename": "change_item"}}, {"model": "auth.permission", "pk": 67, "fields": {"name": "Can delete Item", "content_type": 17, "codename": "delete_item"}}, {"model": "auth.permission", "pk": 68, "fields": {"name": "Can view Item", "content_type": 17, "codename": "view_item"}}, {"model": "contenttypes.contenttype", "pk": 1, "fields": {"app_label": "admin", "model": "logentry"}}, {"model": "contenttypes.contenttype", "pk": 2, "fields": {"app_label": "auth", "model": "permission"}}, {"model": "contenttypes.contenttype", "pk": 3, "fields": {"app_label": "auth", "model": "group"}}, {"model": "contenttypes.contenttype", "pk": 4, "fields": {"app_label": "contenttypes", "model": "contenttype"}}, {"model": "contenttypes.contenttype", "pk": 5, "fields": {"app_label": "sessions", "model": "session"}}, {"model": "contenttypes.contenttype", "pk": 6, "fields": {"app_label": "appkarin", "model": "categoria"}}, {"model": "contenttypes.contenttype", "pk": 7, "fields": {"app_label": "appkarin", "model": "denuncia"}}, {"model": "contenttypes.contenttype", "pk": 8, "fields": {"app_label": "appkarin", "model": "denunciaestado"}}, {"model": "contenttypes.contenttype", "pk": 9, "fields": {"app_label": "appkarin", "model": "empresa"}}, {"model": "contenttypes.contenttype", "pk": 10, "fields": {"app_label": "appkarin", "model": "relacionempresa"}}, {"model": "contenttypes.contenttype", "pk": 11, "fields": {"app_label": "appkarin", "model": "tiempo"}}, {"model": "contenttypes.contenttype", "pk": 12, "fields": {"app_label": "appkarin", "model": "usuario"}}, {"model": "contenttypes.contenttype", "pk": 13, "fields": {"app_label": "appkarin", "model": "admindenuncias"}}, {"model": "contenttypes.contenttype", "pk": 14, "fields": {"app_label": "appkarin", "model": "archivo"}}, {"model": "contenttypes.contenttype", "pk": 15, "fields": {"app_label": "appkarin", "model": "estadosdenuncia"}}, {"model": "contenttypes.contenttype", "pk": 16, "fields": {"app_label": "appkarin", "model": "foro"}}, {"model": "contenttypes.contenttype", "pk": 17, "fields": {"app_label": "appkarin", "model": "item"}}, {"model": "sessions.session", "pk": "2pa8f69btnvmxsimqeml2msjzf2ug59i", "fields": {"session_data": "e30:1uRE15:OMymFixaR_-vZCnznvPBGxSkDSXL9VChLf1wklLUbrw", "expire_date": "2025-06-16T18:23:07.928Z"}}, {"model": "sessions.session", "pk": "6jixstb1yrxxq2h3jaleywcod6mz3mn0", "fields": {"session_data": ".eJxVj70OwjAMhN8lM6pamv6EDcTAwsILRE7ttIGSSEk6Id6dBOjQ0Xfnz-cXGxya0cnB2bDMEdiBdZfb7cx2TMISJ7kE8tJg0qutpmB4kM0G3sGOrkiI6I0qcqT4u6G4OqT59M9uABOEKW0rXpMW2FPDEeq-FSU0te6oB6HrPe15NivOS96XLUGHXDdC6FY3SpAuRYICPo2VsxtHSn2iX2jVcvFqHfJVC09KR49ZMCF6QOcTwQT5--Ib-jHeH7EZYCc:1uRHkx:ndW3Njxhd3-5PegIglnF-R7vR6TL12qxkcDiBwmoFFs", "expire_date": "2025-06-16T22:22:43.399Z"}}, {"model": "sessions.session", "pk": "b5q3ogo0btor1b6verdkvn2zqca79wlk", "fields": {"session_data": ".eJxVj70OwjAMhN8lM6pamv6EDcTAwsILRE7ttIGSSEk6Id6dBOjQ0Xfnz-cXGxya0cnB2bDMEdiBdZfb7cx2TMISJ7kE8tJg0qutpmB4kM0G3sGOrkiI6I0qcqT4u6G4OqT59M9uABOEKW0rXpMW2FPDEeq-FSU0te6oB6HrPe15NivOS96XLUGHXDdC6FY3SpAuRYICPo2VsxtHSn2iX2jVcvFqHfJVC09KR49ZMCF6QOcTwQT5--Ib-jHeH7EZYCc:1uRAlA:uLgok0tBFSk4UVz9VHQE9xlO6ThSpuLrwm89jD_nN7c", "expire_date": "2025-06-16T14:54:28.179Z"}}, {"model": "sessions.session", "pk": "bhf7zwt40fzkfijw8r5csidxosmz1s1t", "fields": {"session_data": ".eJydjz0KwzAMha9iNHfpH4XMGTrnAkaxRVBxrCA7Qyi9e52UgimZqkm890l6eoITz4NYJzHNISM0cLt3XQsH8BTn6BgtZxptlLFXKnZHk1LCwJhqyFNyypNjiVYp4NoUuiA0bgOWPTTn37WreK1Eh5kGUf7gx12nipImymIWk2iYlT16Q9FQMFmxx4fUAb-htsWnyshcEsomX_YfKqfaPwpebw72eRM:1uRcRl:oyzNCIp2BeG6_e7swbi1oS455KCtRzptTBZACpKKYgE", "expire_date": "2025-06-17T20:28:17.668Z"}}, {"model": "sessions.session", "pk": "geuhemfrqloz2prjft7vubevzy7hdz9v", "fields": {"session_data": ".eJydjjsOwzAMQ69iaO7Sjtl6hV4gUGwiUGBbhj9Ai6J3r7MEQZOpGinykW9yiC1a4VEqwiiOhtvlR4wapgwa6G61qCl4Nva0c1mumDWv_p6_nn42yAMloap5ddDcsjh2BtHAm5p54kX35AzPVjQehlVBSHqQHYrNktZIr-K_js5525YOps8X9q1yWA:1uRY8n:u3xWg5-HoEi1zQAo3A3QccbrV1OZfPIYmesVhAscQYU", "expire_date": "2025-06-17T15:52:25.388Z"}}, {"model": "sessions.session", "pk": "hdo21qt2ulroasqi3gdi5wp0w6mj6iqf", "fields": {"session_data": ".eJyVkEFywjAMRa_CeM1kEuJA3F3bVRc9Q0ax5KCS2IztrDq9e20gDBQ29U5fX-9L_hYdzHHfzYF8xyheRCXWt1oP-kA2N_AL7OAK7Wz03BfZUly6ofh0SOPbxXsH2EPYp-le1mQUttRIhLrdqhKa2uyoBWXqDW1kblZSlrIttwQ7lKZRymxN0ysypUpQwIltN7phoLRP9DMtWl68WoqcamGiFPqaBQ7RAzqfCBy68xUn08Kg6egpwIlSrwWSna3mVEeaTqL6K1o39T4HvDtrRtbRrZBWbCMlEAVx49cQaXCez_jN084V95EIg2cEzLzRhZVNFs3uDulphKTZh4Ujp1PcQxBS0J6PeST_yb-feM667pGg4ucXh_PHvw:1uRWqd:hlgXEFGAkcpYxpGgOmG5j27DMTJ44bOf0PDafvRQEUM", "expire_date": "2025-06-17T14:29:35.436Z"}}, {"model": "sessions.session", "pk": "o35wjy94nrfnmgxg7i497qj0pj6qzjvi", "fields": {"session_data": ".eJxVjs0OgjAQhN-lZ0P6Y6F49O7JB2i2dAtVaBMKJ-O72woketz5ZmbnRTSsy6DXhLP2llwIJ6dfzUD3xFCAfUDoY9XFsMzeVMVS7TRVt2hxvO7ev4IB0pDTplFKmFq6mjLXMYG2FlRy1nIK6BwzUkAmqkXO4CwZNMpwFA7AcUEZzaVgJx_0GPse855lXvHQynB-HOVrgAnz03t0HnLSJ72t_8It-_4AhoVTsg:1uRAl3:IjI_tjayWTaJHwvq1EMsZZB8dAdmAmhzcknvxvczjNU", "expire_date": "2025-06-16T14:54:21.572Z"}}, {"model": "sessions.session", "pk": "pt1i2un2y7ubh4byvtjddlmhv2ji9fh2", "fields": {"session_data": ".eJxFjDEKwzAMRa9iNHfO0LXQC5QMmYwsiyKwpaDIU-nd40zZPo_3_g8q61ASzBLcs1ovzvCEt-OonMg0sDROlsKljEAXg8ddVT7IZScxzc4NrzHzqZBV-VqeD8dogRNur3X5wP8E3mIqHQ:1uRt4d:sCLujly81SqaXXeGWDk6Yt23KlpgbFnCsbOlgsSXpGU", "expire_date": "2025-06-18T14:13:31.348Z"}}, {"model": "sessions.session", "pk": "qnrkti4755vvbzk1wq5vapg553d9wpji", "fields": {"session_data": ".eJxNi7EKAkEMBX9FUtsJFtfeJ4iF1RKThwRMsuT2KvHfXbvrZmDmQ_Be2LiZ0nI5kyL2EJs-4C3SnwVaaE3vWYPdECNPFqyQnTXpsCg2KetiGa3w5j_MdyaSaq-c_Fjv1xt9fz4aKpY:1uReAz:kWCTIKWiwpUJFzsaQFgykuBnSXOqVOeSkBFC-Sn4dWE", "expire_date": "2025-06-17T22:19:05.572Z"}}, {"model": "sessions.session", "pk": "vul8einl8wmj6wubw89c3ink1mt1srki", "fields": {"session_data": ".eJxVj80OwiAQhN-lZ0PaQn_wpnefgWy7S4tWSICejO8u2DbR487Mfjv7KhSscVZrIK8MFueiKk6_2gDjg2w28A52cmx0NnozsBxhuxvYzSEt1z37B5ghzGl7EJy0xJ4agcD7VpbQcN1RD1LzmmqRzUqIUvRlS9Ch0I2UutXNIEmXMkEBn8aqxU0TpT7Rr3RouXh1DPmqhSelo5csmBA9oPOJYILavviGNsb7A4H1V5U:1uRD3C:3lLrf5Va_erWtmgNygGh8lPiDExu9QT7KlDIOy0EQd8", "expire_date": "2025-06-16T17:21:14.922Z"}}, {"model": "sessions.session", "pk": "xgv6hj6o4oeb4yz7aiz61658mj22d1gy", "fields": {"session_data": ".eJyrVkrNLShKLU6Mz0xRsjLWUUpJzSvNS84E8ktSc8GChoboonn5uUlFqUpWSj6JZYkp-QopqQqJySWZZfnFSkhKkxNLUtPzizIhRhthlYGb5JkHFCrKTElMAZmWk1-skAdUkpwJNLIWAN0lOxk:1uRu9c:JyQfRR4KRsmq9HxliwzBR64bLarnXoGbEkF6RAcoLuk", "expire_date": "2025-06-18T15:22:44.713Z"}}, {"model": "sessions.session", "pk": "zaviprbgaxb0d3mrtuy0acfyrzjglglb", "fields": {"session_data": ".eJxVj70SgyAQhN-FOuOogEq6pM8zMIccShIhA1pl8u4BfwrL-3Zvb-9LcPoEjCCtJld6IRKWeZRLxLASUpETU9C_0GVBP8ENvui9m4NVRbYUuxqLh9f4vu_eU8AIcUzbilE0QnfImQbaNaIETk2LHQhDa6xZFivGStaVDUKrmeFCmMZwJdCUIoWCnqyTbz8MmPrMYcGD5eLVMeSrDiZMR28Z2DgH0D6kBBvl9sVq2jJ-f7RzXIs:1uRFUx:ySbmUqMS1BQUzF7P4ZXbu4fXkKkM7a7yoSorQEkBU0g", "expire_date": "2025-06-16T19:58:03.688Z"}}, {"model": "appkarin.tiempo", "pk": 1, "fields": {"intervalo": "Menos de una semana"}}, {"model": "appkarin.tiempo", "pk": 2, "fields": {"intervalo": "Más de una semana y menos de un mes"}}, {"model": "appkarin.tiempo", "pk": 3, "fields": {"intervalo": "Más de un mes y menos de seis meses"}}, {"model": "appkarin.tiempo", "pk": 4, "fields": {"intervalo": "Más de seis meses"}}, {"model": "appkarin.tiempo", "pk": 5, "fields": {"intervalo": "No sabe"}}, {"model": "appkarin.categoria", "pk": 1, "fields": {"nombre": "Respeto y seguridad en el trabajo"}}, {"model": "appkarin.categoria", "pk": 2, "fields": {"nombre": "Integridad de los negocios"}}, {"model": "appkarin.categoria", "pk": 3, "fields": {"nombre": "Sostenibilidad, medioambiente"}}, {"model": "appkarin.item", "pk": 1, "fields": {"enunciado": "Acoso laboral", "categoria": 1}}, {"model": "appkarin.item", "pk": 2, "fields": {"enunciado": "Acoso sexual", "categoria": 1}}, {"model": "appkarin.item", "pk": 3, "fields": {"enunciado": "Comportamiento inadecuado", "categoria": 1}}, {"model": "appkarin.item", "pk": 4, "fields": {"enunciado": "Discriminación", "categoria": 1}}, {"model": "appkarin.item", "pk": 5, "fields": {"enunciado": "Represalias", "categoria": 1}}, {"model": "appkarin.item", "pk": 6, "fields": {"enunciado": "Salud y seguridad", "categoria": 1}}, {"model": "appkarin.item", "pk": 7, "fields": {"enunciado": "Violencia en el lugar de trabajo", "categoria": 1}}, {"model": "appkarin.item", "pk": 8, "fields": {"enunciado": "Apropiación o uso indebido de los recursos de la compañía", "categoria": 2}}, {"model": "appkarin.item", "pk": 9, "fields": {"enunciado": "Conflicto de intereses", "categoria": 2}}, {"model": "appkarin.item", "pk": 10, "fields": {"enunciado": "Fraude contable o tributario", "categoria": 2}}, {"model": "appkarin.item", "pk": 11, "fields": {"enunciado": "Lavado de activos", "categoria": 2}}, {"model": "appkarin.item", "pk": 12, "fields": {"enunciado": "Libre competencia", "categoria": 2}}, {"model": "appkarin.item", "pk": 13, "fields": {"enunciado": "Privacidad y protección de datos personales", "categoria": 2}}, {"model": "appkarin.item", "pk": 14, "fields": {"enunciado": "Receptación", "categoria": 2}}, {"model": "appkarin.item", "pk": 15, "fields": {"enunciado": "Soborno y corrupción", "categoria": 2}}, {"model": "appkarin.item", "pk": 16, "fields": {"enunciado": "Uso indebido de propiedad intelectual o industrial", "categoria": 2}}, {"model": "appkarin.item", "pk": 17, "fields": {"enunciado": "Uso de información privilegiada", "categoria": 2}}, {"model": "appkarin.item", "pk": 18, "fields": {"enunciado": "Medio ambiente", "categoria": 3}}, {"model": "appkarin.item", "pk": 19, "fields": {"enunciado": "Trabajo infantil o forzoso", "categoria": 3}}, {"model": "appkarin.item", "pk": 20, "fields": {"enunciado": "Vecinos y comunidades", "categoria": 3}}, {"model": "appkarin.relacionempresa", "pk": 1, "fields": {"rol": "Cliente"}}, {"model": "appkarin.relacionempresa", "pk": 2, "fields": {"rol": "Colaborador"}}, {"model": "appkarin.relacionempresa", "pk": 3, "fields": {"rol": "Proveedor/contratista"}}, {"model": "appkarin.relacionempresa", "pk": 4, "fields": {"rol": "Vecino"}}, {"model": "appkarin.relacionempresa", "pk": 5, "fields": {"rol": "Otro"}}, {"model": "appkarin.usuario", "pk": "7HRRD", "fields": {"anonimo": true, "rut": null, "nombre": null, "apellidos": null, "correo": null, "celular": null, "fecha_creacion": "2025-06-16T13:03:12.146Z", "ultima_actividad": "2025-06-16T13:03:12.146Z"}}, {"model": "appkarin.usuario", "pk": "JD2LR", "fields": {"anonimo": true, "rut": null, "nombre": null, "apellidos": null, "correo": null, "celular": null, "fecha_creacion": "2025-06-17T19:57:43.109Z", "ultima_actividad": "2025-06-17T19:57:43.109Z"}}, {"model": "appkarin.usuario", "pk": "JGP58", "fields": {"anonimo": true, "rut": null, "nombre": null, "apellidos": null, "correo": null, "celular": null, "fecha_creacion": "2025-06-17T19:18:31.935Z", "ultima_actividad": "2025-06-17T19:18:31.935Z"}}, {"model": "appkarin.usuario", "pk": "OHRUF", "fields": {"anonimo": true, "rut": null, "nombre": null, "apellidos": null, "correo": null, "celular": null, "fecha_creacion": "2025-06-17T18:53:34.061Z", "ultima_actividad": "2025-06-17T18:53:34.062Z"}}, {"model": "appkarin.usuario", "pk": "S9B7B", "fields": {"anonimo": true, "rut": null, "nombre": null, "apellidos": null, "correo": null, "celular": null, "fecha_creacion": "2025-06-17T19:11:26.401Z", "ultima_actividad": "2025-06-17T19:11:26.401Z"}}, {"model": "appkarin.usuario", "pk": "YCU6S", "fields": {"anonimo": false, "rut": "20.258.192-7", "nombre": "Esteban", "apellidos": "M", "correo": "estebanriso2000@gmail.com", "celular": "+56965618869", "fecha_creacion": "2025-06-17T21:46:45.098Z", "ultima_actividad": "2025-06-18T13:30:55.506Z"}}, {"model": "appkarin.empresa", "pk": 1, "fields": {"nombre": "Global", "descripcion": "Empresa dedicada a"}}, {"model": "appkarin.empresa", "pk": 2, "fields": {"nombre": "ServiciosTransitorios", "descripcion": "Empresa dedicada a"}}, {"model": "appkarin.empresa", "pk": 3, "fields": {"nombre": "ByF", "descripcion": "Empresa dedicada a"}}, {"model": "appkarin.empresa", "pk": 4, "fields": {"nombre": "Transec", "descripcion": "Empresa dedicada a"}}, {"model": "appkarin.empresa", "pk": 5, "fields": {"nombre": "Cevcom", "descripcion": "Empresa dedicada a"}}, {"model": "appkarin.empresa", "pk": 6, "fields": {"nombre": "Transportes", "descripcion": "Empresa dedicada a"}}, {"model": "appkarin.empresa", "pk": 7, "fields": {"nombre": "Constructora", "descripcion": "Empresa dedicada a"}}, {"model": "appkarin.empresa", "pk": 8, "fields": {"nombre": "Capacitaciones", "descripcion": "Empresa dedicada a"}}, {"model": "appkarin.empresa", "pk": 9, "fields": {"nombre": "ServiciosIndustriales", "descripcion": "Empresa dedicada a"}}, {"model": "appkarin.denuncia", "pk": "DN-0J9RF5RH", "fields": {"tipo_empresa": 2, "usuario": "YCU6S", "item": 10, "relacion_empresa": 2, "tiempo": 2, "descripcion": "DDDDDDDDDDDDDDDDDDDDDDDDDDDDDDDDDDDDDDDDDDDDDDDDDDD", "descripcion_relacion": "", "fecha": "2025-06-18T13:30:55.509Z", "fecha_actualizacion": "2025-06-18T13:30:55.509Z", "estado_actual": "PENDIENTE"}}, {"model": "appkarin.denuncia", "pk": "DN-AUMYM299", "fields": {"tipo_empresa": 3, "usuario": "OHRUF", "item": 3, "relacion_empresa": 3, "tiempo": 2, "descripcion": "aaaaaaaaaaaaaaaaaaaaaaaaaaaaaaaaaaaaaaaaaaaaaaaaaaaaaaa", "descripcion_relacion": "", "fecha": "2025-06-17T18:53:34.064Z", "fecha_actualizacion": "2025-06-17T18:53:34.064Z", "estado_actual": "PENDIENTE"}}, {"model": "appkarin.denuncia", "pk": "DN-FNJA8O7R", "fields": {"tipo_empresa": 3, "usuario": "JD2LR", "item": 1, "relacion_empresa": 2, "tiempo": 2, "descripcion": "AAAAAAAAAAAAAAAAAAAAAAAAAAAAAAAAAAAAAAAAAAAAAAAAAA", "descripcion_relacion": "", "fecha": "2025-06-17T19:57:43.112Z", "fecha_actualizacion": "2025-06-17T19:57:43.112Z", "estado_actual": "PENDIENTE"}}, {"model": "appkarin.denuncia", "pk": "DN-IYN3TIEA", "fields": {"tipo_empresa": 3, "usuario": "YCU6S", "item": 3, "relacion_empresa": 4, "tiempo": 2, "descripcion": "AAAAAAAAAAAAAAAAAAAAAAAAAAAAAAAAAAAAAAAAAAAAAAAAAA", "descripcion_relacion": "", "fecha": "2025-06-18T13:06:32.951Z", "fecha_actualizacion": "2025-06-18T13:06:32.951Z", "estado_actual": "PENDIENTE"}}, {"model": "appkarin.denuncia", "pk": "DN-N10B19MG", "fields": {"tipo_empresa": 3, "usuario": "YCU6S", "item": 3, "relacion_empresa": 4, "tiempo": 3, "descripcion": "aaaaaaaaaaaaaaaaaaaaaaaaaaaaaaaaaaaaaaaaaaaaaaaaaaaa", "descripcion_relacion": "", "fecha": "2025-06-17T21:46:45.103Z", "fecha_actualizacion": "2025-06-17T21:46:45.103Z", "estado_actual": "PENDIENTE"}}, {"model": "appkarin.denuncia", "pk": "DN-RADVKOQA", "fields": {"tipo_empresa": 3, "usuario": "7HRRD", "item": 11, "relacion_empresa": 3, "tiempo": 2, "descripcion": "AAAAAAAAAAAAAAAAAAAAAAAAAAAAAAAAAAAAAAAAAAAAAAAAAAAAAAAAAA", "descripcion_relacion": "", "fecha": "2025-06-16T13:03:12.148Z", "fecha_actualizacion": "2025-06-16T21:35:44.924Z", "estado_actual": "Resuelto"}}, {"model": "appkarin.denuncia", "pk": "DN-V11VW82N", "fields": {"tipo_empresa": 3, "usuario": "S9B7B", "item": 2, "relacion_empresa": 4, "tiempo": 2, "descripcion": "aaaaaaaaaaaaaaaaaaaaaaaaaaaaaaaaaaaaaaaaaaaaaaaaaa", "descripcion_relacion": "", "fecha": "2025-06-17T19:11:26.403Z", "fecha_actualizacion": "2025-06-17T19:11:26.403Z", "estado_actual": "PENDIENTE"}}, {"model": "appkarin.denuncia", "pk": "DN-Y19FJZF5", "fields": {"tipo_empresa": 3, "usuario": "JGP58", "item": 10, "relacion_empresa": 2, "tiempo": 2, "descripcion": "AAAAAAAAAAAAAAAAAAAAAAAAAAAAAAAAAAAAAAAAAAAAAAAAAAAAA", "descripcion_relacion": "", "fecha": "2025-06-17T19:18:31.937Z", "fecha_actualizacion": "2025-06-17T19:39:08.367Z", "estado_actual": "En Revisión"}}, {"model": "appkarin.admindenuncias", "pk": 1, "fields": {"password": "pbkdf2_sha256$1000000$XNz34L8Wz370957uRcBx3P$0lrtKNE5QTMFsNdZBVn5eP/rU/hMUXMM2CuwregJJc4=", "last_login": "2025-06-17T19:48:50.243Z", "is_superuser": true, "username": "Administrador", "first_name": "", "last_name": "", "email": "administrador@administrador.cl", "is_staff": true, "is_active": true, "date_joined": "2025-06-16T12:58:37.294Z", "rut": null, "rol_categoria": 2, "groups": [], "user_permissions": []}}, {"model": "appkarin.admindenuncias", "pk": 2, "fields": {"password": "pbkdf2_sha256$1000000$eC1MB68UMIKvHLne4SoJLX$UECpsG6VbPQIUHJEseOpHfk2hEucQTbBFisA4f5I6EA=", "last_login": "2025-06-16T14:24:13.039Z", "is_superuser": true, "username": "Sofia", "first_name": "Sofía", "last_name": "Admin", "email": "sofia@sofia.cl", "is_staff": true, "is_active": true, "date_joined": "2025-06-16T13:10:52.378Z", "rut": null, "rol_categoria": 1, "groups": [], "user_permissions": []}}, {"model": "appkarin.admindenuncias", "pk": 3, "fields": {"password": "AdminLucas#01", "last_login": null, "is_superuser": true, "username": "Lucas", "first_name": "Lucas", "last_name": "Admin", "email": "lucas@lucas.cl", "is_staff": true, "is_active": true, "date_joined": "2025-06-16T13:11:20.360Z", "rut": null, "rol_categoria": 3, "groups": [], "user_permissions": []}}, {"model": "appkarin.foro", "pk": 1, "fields": {"denuncia": "DN-RADVKOQA", "admin": null, "mensaje": "S", "leido": false, "fecha": "2025-06-16T13:06:40.075Z"}}, {"model": "appkarin.foro", "pk": 2, "fields": {"denuncia": "DN-RADVKOQA", "admin": 1, "mensaje": "Hola que le sucede", "leido": false, "fecha": "2025-06-16T13:13:14.876Z"}}, {"model": "appkarin.foro", "pk": 3, "fields": {"denuncia": "DN-RADVKOQA", "admin": 1, "mensaje": "aaa", "leido": false, "fecha": "2025-06-16T13:22:42.463Z"}}, {"model": "appkarin.foro", "pk": 4, "fields": {"denuncia": "DN-RADVKOQA", "admin": 1, "mensaje": "hola", "leido": false, "fecha": "2025-06-16T19:59:46.915Z"}}, {"model": "appkarin.foro", "pk": 5, "fields": {"denuncia": "DN-RADVKOQA", "admin": null, "mensaje": "hola", "leido": false, "fecha": "2025-06-16T21:04:45.078Z"}}, {"model": "appkarin.foro", "pk": 6, "fields": {"denuncia": "DN-IYN3TIEA", "admin": null, "mensaje": "hola mundo", "leido": false, "fecha": "2025-06-18T13:14:22.388Z"}}, {"model": "appkarin.denunciaestado", "pk": 1, "fields": {"estado": "Pendiente"}}, {"model": "appkarin.denunciaestado", "pk": 2, "fields": {"estado": "En Revisión"}}, {"model": "appkarin.denunciaestado", "pk": 3, "fields": {"estado": "Resuelto"}}, {"model": "appkarin.estadosdenuncia", "pk": 1, "fields": {"denuncia": "DN-RADVKOQA", "estado": 3, "fecha": "2025-06-16T13:56:43.729Z"}}, {"model": "appkarin.estadosdenuncia", "pk": 2, "fields": {"denuncia": "DN-RADVKOQA", "estado": 1, "fecha": "2025-06-16T13:56:48.037Z"}}, {"model": "appkarin.estadosdenuncia", "pk": 3, "fields": {"denuncia": "DN-RADVKOQA", "estado": 2, "fecha": "2025-06-16T19:11:54.223Z"}}, {"model": "appkarin.estadosdenuncia", "pk": 4, "fields": {"denuncia": "DN-RADVKOQA", "estado": 2, "fecha": "2025-06-16T19:58:52.000Z"}}, {"model": "appkarin.estadosdenuncia", "pk": 5, "fields": {"denuncia": "DN-RADVKOQA", "estado": 3, "fecha": "2025-06-16T19:58:53.220Z"}}, {"model": "appkarin.estadosdenuncia", "pk": 6, "fields": {"denuncia": "DN-RADVKOQA", "estado": 2, "fecha": "2025-06-16T20:19:21.067Z"}}, {"model": "appkarin.estadosdenuncia", "pk": 7, "fields": {"denuncia": "DN-RADVKOQA", "estado": 2, "fecha": "2025-06-16T20:19:40.386Z"}}, {"model": "appkarin.estadosdenuncia", "pk": 8, "fields": {"denuncia": "DN-RADVKOQA", "estado": 3, "fecha": "2025-06-16T20:19:41.696Z"}}, {"model": "appkarin.estadosdenuncia", "pk": 9, "fields": {"denuncia": "DN-RADVKOQA", "estado": 1, "fecha": "2025-06-16T20:21:18.055Z"}}, {"model": "appkarin.estadosdenuncia", "pk": 10, "fields": {"denuncia": "DN-RADVKOQA", "estado": 2, "fecha": "2025-06-16T20:21:51.171Z"}}, {"model": "appkarin.estadosdenuncia", "pk": 11, "fields": {"denuncia": "DN-RADVKOQA", "estado": 3, "fecha": "2025-06-16T20:21:51.959Z"}}, {"model": "appkarin.estadosdenuncia", "pk": 12, "fields": {"denuncia": "DN-RADVKOQA", "estado": 2, "fecha": "2025-06-16T20:21:58.845Z"}}, {"model": "appkarin.estadosdenuncia", "pk": 13, "fields": {"denuncia": "DN-RADVKOQA", "estado": 2, "fecha": "2025-06-16T20:23:03.976Z"}}, {"model": "appkarin.estadosdenuncia", "pk": 14, "fields": {"denuncia": "DN-RADVKOQA", "estado": 2, "fecha": "2025-06-16T20:53:27.533Z"}}, {"model": "appkarin.estadosdenuncia", "pk": 15, "fields": {"denuncia": "DN-RADVKOQA", "estado": 3, "fecha": "2025-06-16T20:53:28.828Z"}}, {"model": "appkarin.estadosdenuncia", "pk": 16, "fields": {"denuncia": "DN-RADVKOQA", "estado": 2, "fecha": "2025-06-16T20:53:31.753Z"}}, {"model": "appkarin.estadosdenuncia", "pk": 17, "fields": {"denuncia": "DN-RADVKOQA", "estado": 1, "fecha": "2025-06-16T20:53:39.932Z"}}, {"model": "appkarin.estadosdenuncia", "pk": 18, "fields": {"denuncia": "DN-RADVKOQA", "estado": 2, "fecha": "2025-06-16T20:53:41.782Z"}}, {"model": "appkarin.estadosdenuncia", "pk": 19, "fields": {"denuncia": "DN-RADVKOQA", "estado": 2, "fecha": "2025-06-16T21:35:43.057Z"}}, {"model": "appkarin.estadosdenuncia", "pk": 20, "fields": {"denuncia": "DN-RADVKOQA", "estado": 3, "fecha": "2025-06-16T21:35:44.937Z"}}, {"model": "appkarin.estadosdenuncia", "pk": 21, "fields": {"denuncia": "DN-Y19FJZF5", "estado": 2, "fecha": "2025-06-17T19:35:28.038Z"}}, {"model": "appkarin.estadosdenuncia", "pk": 22, "fields": {"denuncia": "DN-Y19FJZF5", "estado": 1, "fecha": "2025-06-17T19:35:33.809Z"}}, {"model": "appkarin.estadosdenuncia", "pk": 23, "fields": {"denuncia": "DN-Y19FJZF5", "estado": 2, "fecha": "2025-06-17T19:39:08.381Z"}}]